author, audience, label
318505534653345792,318501474550292481,1
289958468272668672,289957864280305664,1
290291185619181568,290291097568169985,1
298288561554350080,298288465072766976,1
290677401355161601,290677275509280768,1
319532451263303681,319519427924205568,1
288975721857175552,288975235347255297,1
292436169478782976,292435955565096960,1
298928306160545792,298914544644915200,1
318306821087580160,318305541845811200,1
289754348278403072,289754230837874690,1
317858483536015360,317838099226980353,1
292453533880553472,292453236114345984,1
293016858276294656,293016698901102595,1
290687778050686976,290687283106045953,1
317770067641262080,317769518174851072,1
318725509120917504,318627173655252993,1
297754811175153664,297754630841069568,1
293188401102991360,293187931374489601,1
318985807602012160,318985648226856961,1
293137939456737281,293136706310377474,1
290218649342578688,290213771375411201,1
289096748499083265,289096597520924672,1
289591366017753088,289590611026272257,1
290906330661806080,290905156227301376,1
290140702388658176,290138554905006080,1
322892428510105600,322889114976411649,1
316752504304054272,316752156176822275,1
319124844614664192,319120327319908352,1
324155429917704192,324155270508982275,1
298518036095311874,298515116880707585,1
291259885302194176,291259642032553984,1
290489714618802176,290480688484990977,1
290450795684564993,290449990378217473,1
290302451544895488,290300199174295552,1
293428147523821568,293419247214944256,1
317011854905987072,317011540312219648,1
320004184629977088,320003928790028288,1
292757943881965570,292757725799124993,1
319288581833252864,319288091099668480,1
290641825243480064,290641321918595072,1
289288012968374272,289287098631086080,1
298204780323553281,298203643646205952,1
289440815665803264,289437426676543488,1
289026099663486976,289025655063056385,1
323075312730652672,323072225739694080,1
318426211963531267,318426044199743489,1
293410908967956480,293408836969177088,1
291617965617586177,291617814631051264,1
323920683098849280,323920473375252481,1
317614177919307776,317609882977173505,1
290391685345726465,290391253324025857,1
289335731590139904,289330027328319491,1
293184663978115072,293176262808186881,1
293432463479418880,293430643138916352,1
292784007316373504,292783134896947200,1
297510908228411392,297510291669925888,1
289775491743903745,289775135249010688,1
298289526219104256,298289148735926272,1
320046719058456577,319937985929957376,1
298608490447007744,298608385610358785,1
289976050803412992,289975211955191808,1
298143723819266049,298143304418197504,1
290492466094821376,290490507342266368,1
323377185165541377,323366594547961856,1
293216901398683648,293216456827613184,1
292622069403901952,292534068720070656,1
296063558758842368,296063156118245376,1
293115319571075074,293112622646181888,1
289148791452495872,289148246192947200,1
319815487066361856,319815352865402881,1
319592878605230080,319591934891012096,1
318397468410781696,318395622883479553,1
289561485804457984,289509988106399744,1
297904086458712066,297903776109568001,1
289415167513595906,289414810964226048,1
323753909170622465,323753699472203776,1
318853905159163904,318853615718633472,1
298262527509422080,298262321992720384,1
290216652841299968,290216426344677376,1
289224452481380352,289224142132240387,1
293302897251340288,293302305850265601,1
318909395767537665,318908858930180097,1
289145863803113472,289144290951712768,1
297993605488988160,297984839422976000,1
289443978150035456,289443147711385600,1
290549718348615680,290549118558953472,1
289634621870714880,289634433118633986,1
290364648887287808,290362547507458048,1
289845821841752064,289838427308974080,1
317162405270523904,317142838821408768,1
290012218270044160,290005402542804993,1
324351064839176193,324350842536853504,1
293239298994606080,293239219294461952,1
297401134895730690,297401030017163266,1
289125840225185792,289122287616135168,1
319798193971929090,319797459947761664,1
290591690757111808,290590826726322176,1
289897004958638080,289894136025337857,1
318188273270935556,318187551867416577,1
289378987426340864,289376244364103681,1
293454110273986561,293453724402208768,1
318069217981247488,318069087962021890,1
293484133114576896,293483575280558081,1
292271450784661505,292270230246416384,1
287844484513947649,287843763118829568,1
323911036195467265,323909488514048002,1
323941033857662976,323938278178959360,1
288970432839831553,288968427996073984,1
295934684565757952,295923213156880384,1
318196439618576384,318196171157942272,1
290728626377326592,290728244708257792,1
293473810936655872,293470115738054656,1
289562223985184768,289561255096750081,1
298506413683138560,298506220740939776,1
317935633580572672,317926246719832064,1
293430311788883968,293411357754261505,1
298229572829315073,298225143644307456,1
298258106696224769,298257892786700289,1
319895204003979264,319894667145654273,1
319272148562759681,319271838180048896,1
293502730658516993,293501686251675648,1
287834254627442688,287834057490972672,1
323477789770665984,323477299020304384,1
323943063884013569,323929801503166464,1
289404925006462976,289394648965869568,1
289425623875727360,289424399168315392,1
298288133718552577,298281909379805184,1
291471504741371904,291470204477775872,1
323758007001436161,323749249319854080,1
297806778618494978,297806237544886273,1
320072128139522049,320071859712450560,1
316897824363118593,316896750608728064,1
289406204264976384,289403188581396480,1
290457905021480960,290237947322720257,1
319529649455652864,319527564894928896,1
319933846160306177,319914518807457792,1
287824616112680960,287823693386743808,1
297527668650426368,297450866762457089,1
316719428047867904,316718694027886592,1
289123164238278657,289123046797742080,1
319869752967307264,319869543289847810,1
319949839016263680,319949549609295873,1
319669688894373888,319669537865875456,1
297497821978976257,297495427035574272,1
323996809695465474,323995702415994880,1
290564742320373760,290564473905885187,1
319058255814983681,319057769279918080,1
289102100435177472,289101701972111361,1
324202368336015360,324202175427403776,1
318227490046877696,318226592470028288,1
324048684868317184,324048521286266880,1
291390948913606656,291196853301698560,1
289835168330551296,289834023264591872,1
317887776576122880,317882093306777600,1
323521473425858561,323520911393308672,1
298254801605648385,298252654113599488,1
318109105820680192,318078307038003201,1
290862265291386880,290861799719452672,1
289493030539501568,289492665668608001,1
319913939976716288,319884219130200064,1
290239729893527552,290239604068585473,1
319599371371032576,319598196965904384,1
289876494791090177,289875525911068672,1
289170333397831680,289170094305722368,1
291107871167504384,291070483129049089,1
322804897567367168,322803173720989696,1
324237948633616386,324237772489646080,1
298570498462330880,298570255171739648,1
319152686392041472,319150484374028289,1
323233790321373185,323232787861745666,1
289548147900940289,289480233717989376,1
289893062291906560,289892491874926593,1
320036975711232000,320036476568088576,1
319324845768863745,319307653320953858,1
317323495887499265,317323244225052672,1
289896258343149568,289896094769500160,1
298261340496207872,298261109809504256,1
317124866228760576,317121498206855169,1
293115306996531200,293084902482653184,1
289772153086296065,289771989533597696,1
289412634145599488,289407412224532480,1
293521193993129984,293520728391831552,1
290868401566523392,290867986334625792,1
290968557347557376,290947401286565888,1
298166016553394176,298154184430211072,1
319022096736993281,319021123650076672,1
292425402700423169,292423070646431744,1
289612085858557952,289611670630842368,1
323539886445559808,323538858815942657,1
317105085907886080,317097653596995584,1
290891453457117184,290890664923774976,1
318133227237830657,318131683742334976,1
291489695437824003,291464118563659776,1
289070714491904000,289063265370247168,1
323496055947800576,323495602950385665,1
292389285552848897,292381417051136000,1
290423058760626177,290417362887393280,1
289839714956099584,289786204034052096,1
317844344566587393,317633081643241473,1
289543173473181697,289542640763039744,1
318056450507276288,318055800377589760,1
291399853416800256,291398603526766592,1
293610536866816000,293610348118945792,1
291221914268094465,291221616493486082,1
289085897843040256,289082693386383360,1
318176063660363776,318174805373358081,1
298256584172240896,298256315724218368,1
289359861421076480,289337975521816579,1
290318616388304896,290301734293741569,1
318481820062720000,318480087810965504,1
289350147392012288,289293805318979584,1
290995283435868160,290994872385687554,1
289090775810203648,289089400095252480,1
319655382119231488,319654975263354880,1
317713448731566082,317677667128324097,1
323214521688813568,323062830469373953,1
298658423657095170,298657597362413568,1
292774016471670784,292773710274912257,1
297726151529467905,297717414790041600,1
318100457165824000,318100222255452163,1
316708682232651776,316686943146614784,1
318852575556423682,318844832846077952,1
289611276378841088,289592305554427904,1
323310973882597378,323310055359397889,1
318919827022544897,318919545979011072,1
320002922152878080,319999390548897792,1
290487982371254272,290486581465325568,1
319868637320208385,319866212974739456,1
322932362474319873,322878738285096960,1
289529491645149184,289527918776950785,1
298903928836329472,298903744316321793,1
289137223562043392,289122233123762177,1
293380332475011072,293379099341234176,1
291021283930566656,290972692922900481,1
297760410583588864,297405069169676288,1
289381793415716864,289380191187374080,1
289445060318212096,289435744739667968,1
290579795689996288,290579552432967680,1
319917270262493185,319916876002127873,1
318676528034615297,318674774786191360,1
291009640530079745,291007052673855489,1
289495219995557888,289485430490021888,1
289906228207960064,289905343214006273,1
291668834140692481,291668406309109760,1
323904186884452352,323902324626042881,1
319321117061967872,319320651464843264,1
319578789925507073,319574759186763776,1
318774297252474882,318772598538371072,1
298641659011428352,298636512608804864,1
290309502178295808,290215461679935488,1
290023903609360384,289807838224728064,1
289802712785227776,289802482102722561,1
319133279322267648,319115273187782656,1
298866389836500993,298865093771399168,1
298943342740385792,298941056832139264,1
289156366344527873,289155678470291456,1
289773637886685186,289728263885041664,1
323894644859629568,323894309290119169,1
318215427195031552,318213816620052481,1
289068369854992384,289068143362600960,1
298557739389558784,298557160583999488,1
290645520454664193,290643830133379072,1
288951600419074048,288951063564914688,1
289197575381340160,289197478916550657,1
289022886830829569,289022513516777475,1
317812346212990977,317808105754873856,1
290304309621555201,290303999213707264,1
318517589074644994,318516716659429376,1
317279069827911680,317278675550760960,1
290656610169286656,290573047050690561,1
297440699777970176,297439579894607872,1
289497891771387905,289493479351021568,1
317888485396709376,317886207919001600,1
319051062600409092,319044154585927680,1
289664346903171072,289663982011314176,1
290871849292795906,290869903098011648,1
322881804308717568,322881603011506178,1
289219457069510657,289219243160002562,1
289113504760360960,289109335630565376,1
289943410708733952,289942743810207744,1
290630529991208960,290627468149260288,1
319116242072006656,319115990438924288,1
317289169703546881,317288909656711169,1
324122286506524672,324117073007616002,1
289397262021447680,289388621755207681,1
317713763279192064,317711280259612672,1
319461554917621760,319461001298862082,1
289139698172035072,289139580760899584,1
298762417238859776,298761230238236672,1
290464813035958272,290464481673351169,1
318074318225555456,318065858331168768,1
292644349555130368,292644102086987776,1
298649229725945856,298649061966372865,1
292705963897651201,292705410232774656,1
289126079292133376,289122925154553858,1
290659298734919681,290659000926732288,1
289438169043173376,289149173129940994,1
291693681210171393,291693215646617600,1
289251858063695872,289251426050392065,1
318533036671127552,318532868898951168,1
319707345347301376,319705755697676288,1
297804404625645569,297579136975765505,1
293058230911918080,293034063336456193,1
289857423282421760,289857129693728770,1
292934951895175170,292934180155822080,1
290153302082076675,290152832307433472,1
287813169861230593,287812674920804353,1
292760162681376768,292759667757686785,1
290392666829635584,290392452899147776,1
289330278965575680,289323480011395073,1
293280570971131904,293279979565883392,1
323401830895865856,323397871468679168,1
289966626198155264,289964944286437376,1
289868966028009472,289867334418575360,1
322869292704075776,322856189698387968,1
287848183894245376,287846980133195777,1
289889950135107585,289889425847095297,1
292943785137168384,292942296142454785,1
298933293179625472,298933150577475585,1
318009314931531776,317891480163328000,1
318886754918744066,318884510966099968,1
293102162031038464,293101797134979072,1
317731899479040001,317726111322738689,1
319602957513547776,319602869441548288,1
289075634385326080,289070659928219652,1
319282177147822080,319281279562555392,1
290309971931967488,290308315181879296,1
287885999739133953,287884879876743168,1
290892065829711872,290891491210059776,1
288975956767559680,288970344784617473,1
298601255280975873,298600185725075456,1
291032520462594048,291031958438436864,1
289691794436943872,289666628596146177,1
287815732560027649,287815497699971072,1
289784459190996993,289755686269751296,1
290229130887327745,290205122703810560,1
297789317726752769,297787539325075456,1
318064612643848192,318063857664925696,1
290274978857885697,290274169340428288,1
290172482621681664,290169005577211904,1
318895353246146560,318863728181407744,1
317474125927038978,317321369387937792,1
317107791200415744,317107497615912960,1
317627691979390976,317627096379846658,1
289809918612082688,289809335608025088,1
289111789294211073,289111147565699072,1
290134297703239680,290133957947830272,1
289418363569070080,289411359052034048,1
298034067948064769,298031979167899648,1
293106817712680961,293106469572849664,1
318300001153474560,318299661431627776,1
319659857429028866,319659152781762560,1
292962860793991168,292962709811650561,1
319366889480544256,319366440698384384,1
322778754470518785,322778607682482176,1
317858806535188480,317857774698639360,1
298865097986691073,298861423767982082,1
298814921506971648,298758604624891906,1
291193313334292480,291192206038024192,1
290913796522917888,290902979400331264,1
290534404944719874,290533209542885376,1
289064423023341568,289064284586135553,1
318826981917601792,318826696696532993,1
297563626406047744,297556231873236992,1
317393918268424192,317392618000637952,1
298210555884355586,298210379723591680,1
293057740169957376,293052803461550082,1
324006947324051456,324006070735486976,1
319092695270293504,319090287706243076,1
292957898932359168,292957647295090688,1
290025862345142272,290025321296719873,1
291616283722645504,291612622095273984,1
289565894009556992,289565524914995200,1
324263856862031872,324262841823670272,1
292722862748479488,292721755439632384,1
289414777418162177,289414634807623680,1
292913242211225600,292880786670100480,1
292857470555127810,292843448975904769,1
298024387494420480,298024098070683651,1
289327879832088576,289322209120501761,1
293189986583445505,293189399380914176,1
320011587559772161,320011189100892160,1
318836406518693888,318834175144771584,1
317838044692619264,317837759492530176,1
319932491404308481,319931124061188096,1
297795621782441984,297794917126787072,1
324224614924447744,324212254344093698,1
293229014548611072,293228574180245504,1
290146020753551360,290145714602930177,1
290613463384993793,290613224313868288,1
289693887386226689,289692348076679168,1
317750882898964480,317750392157003776,1
289647422903291904,289646047142232064,1
293587900191346688,293574851715817472,1
323388782424489984,323388144890302464,1
323081381884338176,323081209934663680,1
290226928894488576,290226576556171264,1
289146723639623680,289146056766263297,1
289553738912391169,289538467464101888,1
293200996614680577,293198685553180672,1
289179124654825472,289179011421196289,1
298684856152518657,298652195119853568,1
289210846171762688,289204558901694464,1
293408409150160897,293406483977207808,1
317401048568442880,317391993053536256,1
289860015358095361,289819628404871168,1
323636510593269763,323636187665428480,1
289231872230305793,289231649919610880,1
324225793544822784,324221397905862657,1
318130266067578881,318127590080667649,1
289105560731807744,289105523020791808,1
290602952442396672,290602570748145664,1
290244918255943680,290244465279524865,1
323629137006841856,323628935709618176,1
292381815489064960,292381400236163073,1
318169210163453952,318167570190585856,1
290593985007853569,290586871464091648,1
290118057345548288,290117587583504386,1
317825814114742272,317815215121113088,1
289102209495494658,289065576469499905,1
298565846958235648,298551796048199681,1
289478618923552769,289477238980743168,1
291785158980407296,291782915036160001,1
319594354979270656,319594224960024576,1
317305753977384960,317304122376351745,1
289949425357451265,289942085321240576,1
317423106421559297,317407964958973952,1
319457373217513473,319452763677392897,1
323159542739386368,323159215579475968,1
290889683465027584,290889515680268288,1
289574643331903488,289574332961796096,1
323629904577064960,323629694861852673,1
292768488358035456,292767452369141760,1
290666433233444865,290666194162315264,1
323823907910078465,323771558810251265,1
292408944238936065,292390057313173504,1
289753756864761856,289752565715976193,1
319997297595396097,319996077023580161,1
298328692659220481,298317187658170368,1
290424484807180288,290424044409479168,1
318206262674325504,318188520764223488,1
323927800807583744,323921945563389952,1
324285210038525952,324284891304964096,1
323232083218661376,323231223407325184,1
323824415425036288,323805213884559360,1
323241683976339456,323240220181032960,1
323631339016433665,323631209022373888,1
291210451243655170,291206101762965504,0
324142754722627585,324139659313676288,0
322867589846007808,322867413655879680,0
298106549719683073,298089004941856768,0
324294299112075264,324293921624698880,0
322817228808548353,322815324598718464,0
323884846969663488,323884549182455808,0
322896966717689857,322830763848503297,0
323978342170775552,323978132484935680,0
289102519873978368,289085268726779904,0
323962684871675904,323962391232667650,0
290233815958429696,290233631404867585,0
323545569723289600,323545284510625792,0
324112333418934272,324112014660227072,0
323357081887440896,323356750516477952,0
323541652209803266,323540691718397952,0
323476669891481601,323473511584772096,0
324244764369235968,324241387958706177,0
289117581611261953,289117229310681089,0
323572681675005952,323566910329475072,0
322910073947033601,322905292440494080,0
323570760708927488,323570500653686784,0
322884673233620992,322883599483428864,0
324292856288251905,324292495544578049,0
323445166448984064,323444851905548288,0
298612286321471489,298607261532704768,0
323150332052000768,323150030083072000,0
319508610818387968,319493888807157760,0
323192426082729985,323191696261267456,0
323001228751679488,323000964485369857,0
289517898601484289,289517684675203072,0
323072129249714176,323071550456729600,0
323909886972923904,323909438174007297,0
323979181035757569,323973220929769472,0
322847633330827266,322837999010316288,0
324288603255631872,324287047147847680,0
323495074501652480,323491316396867586,0
324282374697394177,324281858818977792,0
324002937590407168,323927297524637696,0
323551559189405696,323551445918035971,0
323650611855912960,323650112733708288,0
324028116009881602,324009753313435648,0
324212665364905987,324208160695001088,0
323513298744119297,323512656998834176,0
322962200757153792,322961307345223682,0
298590710813294593,298585455333621761,0
290243404137377792,290242288431558656,0
323945538527571969,323945261703499776,0
324193321222283264,324192771776847872,0
323086297600249858,323085257412841472,0
323000062726782976,322999274206015488,0
318245290639503360,318005254836858880,0
323547532653363200,323545909445156864,0
324072806323200000,324072361689227264,0
322817287528792065,322806080369475584,0
324340105097666560,324339140399345665,0
322899583959199744,322899474924072961,0
289511930081730560,289511049290477569,0
323497486192881664,323497326817722369,0
323360890298707968,323359812354207744,0
323110645539168256,323110297428717569,0
323638683259531264,323636892300095488,0
290721630286655489,290718761365929985,0
323979814379859968,323977784349298689,0
323149392540487680,323146515243732992,0
323202102333689856,323179801236090880,0
319833237394432001,319832897622249475,0
293060999123197954,293060739097309184,0
323807659184775168,323807281684832257,0
298197704511741952,298194613305483265,0
324194801811599360,324194684396269568,0
324256151933943809,324173339574820864,0
324400008172535808,324396568834895872,0
324369083556560896,324368748012253184,0
323370784691208192,323368284881842176,0
323464263119294464,323464070202269696,0
291114380706340865,291113764147838976,0
323487772205785088,323484802638544897,0
324057786491211776,324057677468676097,0
324272513880297473,324272199341051907,0
289365385319432192,289362633818259457,0
318149928973111296,317785402016669696,0
323588242551209985,323587235930849280,0
319143932887982080,319142892696375297,0
289769061896818688,289701458121736195,0
290253910856306690,290197065437442048,0
324358694240403456,324358409036124162,0
324191136002498560,324186346107322368,0
319959511077113856,319950006796840962,0
322950934839836673,322942508466311168,0
323885291561697280,323885174104391680,0
324260144902975488,324258920149446657,0
324320542859612161,324314335298084864,0
323161128198889472,323158527726194688,0
324296270418178049,324277807112925185,0
322975173731041280,322955301131284480,0
324361638646018048,324035166609747968,0
322789462545428480,322789231841923072,0
323501869236383744,323493426123395072,0
323310239896190976,323309782696083456,0
323474761466404864,323425335779680257,0
324261495447891969,324261084397723649,0
293319104033603584,293318017708863488,0
318158489535016960,318158082670743553,0
322809683259842560,322809368703799296,0
323982054150791169,323981638902087681,0
323563865264758784,323563508736356353,0
324026224345227265,324025964306763777,0
323140685144416257,323140039229992961,0
323432348647567360,323427118371454977,0
323150067798265856,323148608205627392,0
324345880675225600,324345096331993088,0
323091041391607809,323088658993401856,0
324377149177995264,324374045405614080,0
292323082658533377,292320641573588994,0
324015986074320896,324015897989771265,0
323435880289296384,323435121082527745,0
323431694365491201,322831359439675392,0
323154232754712576,323153293251575808,0
323761517650657280,323761207263784960,0
323569435308863488,323556332290580481,0
323938173329764353,323919273808519168,0
324409369825529856,324408828768681985,0
319713037013622784,319712906973425664,0
323993005461753858,323982058336710657,0
298125147251040258,298123704406257664,0
323527307698511872,323526879892103169,0
324368869651251204,324368500531556352,0
323604440978448384,323552234447192064,0
323800746963394560,323800067511316480,0
289473623503294465,289411497493409792,0
324189722517860353,324189563159453697,0
317571811267198976,317569487601823746,0
324292130644307969,324290918503038976,0
289415893111431168,289415582737121280,0
322876452406181888,322875961639063552,0
323836658581663744,323832002904223744,0
287885890699816960,287882744971816960,0
323561147355770882,323560962814799872,0
323193294328836097,323192996503891969,0
289581454881591296,289521686053806082,0
290510648402640896,290496643613216769,0
323452196119273473,323452103836172289,0
289918316200480768,289918119068184576,0
323194619712139264,323194204471820288,0
323119155773583361,323092215758987264,0
323423196705591296,323422559175602176,0
322771510911721473,322768025457672193,0
318902416475045888,318902034780798976,0
323992225321213952,323991612973785088,0
323888865121292289,323888630215090176,0
324352885150347264,324352465715732480,0
293073540121497600,293070977397579776,0
323104777733025792,323104324739796994,0
324132331852025857,324131815977799681,0
324374183838613504,324373886030454784,0
297628856247017473,297628361319133184,0
323718064673804288,323717833953521664,0
324009275171160065,324008138506399744,0
290314090734288896,290251109078036481,0
324080863577010176,324078250521419776,0
323156183093489664,323155595924471808,0
324217581101797377,324202410287456256,0
323646560179191809,323645272519503872,0
323601349776384000,323595666481893376,0
290057642603315200,290057361576579072,0
324006301401219072,324005869404704768,0
323743280829444096,323738256032276480,0
289606121566658560,289605354029998080,0
322923562811944960,322921629233598464,0
324017697350369280,324017525379719168,0
323415923757301761,323415210754981891,0
324347285741912066,324344324588457985,0
323761656066883584,323752948675014656,0
323874906448216064,323874789007691776,0
317207141700222977,317206118285844480,0
323721898263453697,323721709494628353,0
323030907646783488,323029481562456064,0
324140485612544001,324002857881849856,0
322816259932704768,322815697891774464,0
317365019505467392,317340310860595200,0
324183296869277696,324182785155801088,0
289784320762191872,289783930700312577,0
323131080196628482,323126575522521088,0
289498172756205570,289492674032066561,0
317778821141123072,317777059546017792,0
324190934701051905,324187080127307776,0
324238720402341888,324238531646087171,0
323903599707041793,323903440298332160,0
324217149075910656,324202666139992064,0
323918434935115776,323910797124333569,0
323781948080287744,323775975395577856,0
323772737426427904,323772238300082176,0
322814565442269185,322814380871909376,0
289773637886685186,289728263885041664,0
323213045306388481,323212705546780673,0
323665010905714689,323664868295204865,0
322846140166967299,322845523608498176,0
323288496641044480,323287896838791168,0
293063645729017858,293062886589362176,0
324018141938192384,324017961570545664,0
324166809039278084,324166658035970051,0
297397775249842176,297396382732521472,0
319195757691432960,319195241792016385,0
324047766290591744,324047422374412288,0
289690078937219072,289689256887209984,0
322825709699612673,322825592254894080,0
323607058190589952,323606970126958592,0
323860528365699073,323860360601956352,0
323564255339216896,323563697484210176,0
290001854140653568,289997861180018688,0
324127806227365888,324125918777995264,0
323309057098260480,323308910318592000,0
323569166877609985,323568432840835072,0
323207533982519296,323206795772436480,0
319623085974245376,319620456133054464,0
324260010655903746,324259779990151168,0
322826208821788672,322825902658555904,0
323107218817945600,323098943435177985,0
323572115473301504,323572018995937281,0
323883903238692865,323883718706089987,0
322931280352247808,322931003503030272,0
324135632790245378,323636065992835072,0
289508637561462784,289508402659471362,0
323808460313604098,323807810158735360,0
323841515602460672,323840194413486081,0
323967411848085505,323966799458750465,0
323804144374796288,323798465287168000,0
323114273612132352,323110611984732160,0
324190683030228994,324023091229499392,0
323205382312955905,323205088678125569,0
318743611720220672,318742445712084992,0
298146651439259648,298145732916031489,0
323830862053511168,323829964510220288,0
323710762361184256,323701337776869376,0
324389966987800576,324389258171396096,0
323450212205096960,323449738240352256,0
323326320845135872,323263968321888256,0
323450770060091392,323155650433654785,0
324233137758560256,324232953230159873,0
322809091854589952,322807971988004865,0
324342063846002688,324341648614113282,0
324289949614616576,324289148515147776,0
289216982438531072,289215891936260098,0
322945159295807488,322944978911383552,0
322827832038416386,322827215463145472,0
323902832115851265,323902618231504896,0
319573714817650688,319573358293438464,0
319117911392411649,319059333742751744,0
323279873139421184,323279235580039168,0
323883320234618880,323882934350262272,0
323541463466143744,323541299905048577,0
323433086861856768,323432885518495745,0
324113218404495360,324094079803744257,0
298352411431538688,298352277197053952,0
323295274632085504,323292917437444096,0
324299827192156162,324299550359691265,0
323986667897765888,323982515515822081,0
323529249678057472,323528565989728258,0
324324737184571393,324320123458560000,0
318838021325737984,318829989233557504,0
324261235396837379,324252939059343360,0
323565412975521792,323564993549332481,0
290696175059873792,290695130665611265,0
324351228417024001,324350347613204480,0
323782698898423809,323777204347600897,0
323161476300959745,323159895048335360,0
324277509321543682,324265681380069377,0
287878399672848385,287877644710715392,0
324135716667924480,324135209165537282,0
323897920590082048,323897136276205568,0
324341166260764672,324340973326979074,0
323885153149673472,323884737888415745,0
324359742833188864,324359424066064385,0
323914077057454080,323913796060078080,0
323139066155655168,323134834102915072,0
323998122533597184,323998005105684480,0
322938700063453184,322933394243735552,0
323860926837170176,323858288607363072,0
322887252743172096,322886980096651266,0
324356978786856961,324356353822957568,0
323927108772564992,323926500611080192,0
323310088888659968,323293110337695745,0
323267873248276480,323267260867301379,0
319997024965632001,319995183657779201,0
324032247382556672,324006330799120384,0
324206667526991872,324206499759005696,0
323660061606023168,323654516769697792,0
323842824233701376,323831394767863808,0
322816574509699072,322815630808072195,0
323765607101239296,323764143293353984,0
318726717067890688,318711688889253888,0
323008191304699904,323006891070459904,0
289592305554432000,289561741657001984,0
323921446449577987,323912760062775298,0
323948591989288960,323855071609749504,0
322808844390637569,322808005555011584,0
289469752173264898,289464991621455872,0
320030105416114177,320029929280524288,0
322807133110427649,322806554313236480,0
291528828260605953,291528224310194176,0
323943592391503872,323943219077447682,0
290497268581281792,290471918174367744,0
324087754784899072,324004426551533569,0
323918699197239296,323916165820866560,0
324339295609556992,324339081708453889,0
322946023293071360,322945473839251456,0
323911824707829760,323903872320028673,0
293553129390235649,293552026296672256,0
324204096389267457,324202645181054976,0
323949309236219905,323947472122683392,0
324403527160049665,324375668605456385,0
323960692564697090,323951234409193472,0
323855457460580354,323854958355152896,0
289789844677328897,289789358121291779,0
323212831363317760,323212374184169472,0
323658903986507776,323658740438028289,0
323896054141571073,323895081058832385,0
322815630770311168,322813722395566081,0
290438166643634176,290437059338964992,0
290942582018682880,290942368104980480,0
289040926540701696,289040255452069888,0
323120950939893761,323120779006967808,0
324147506856484864,324143069291225088,0
323143000412786688,323142211879460864,0
289825278132367361,289823843680391168,0
322825885847797760,322825189614297088,0
324159779381587968,324157434795012096,0
322890813694697472,322890541039747072,0
290303546254049280,290303076471017473,0
323455056634589184,323454289089540097,0
323201221546614784,323200676278714369,0
322774602117955585,322774019101323265,0
322925513184276480,322924544270680064,0
323851103793991680,323850625622347776,0
297921857741524993,297921119544033280,0
324277874234388480,324274992722370560,0
323425595843284995,323422445925179393,0
323781851640635392,323476267229929472,0
324271675027898371,324269800199159811,0
323766362071764992,323764415897935873,0
324212199822340099,324210870211198977,0
323759068168724481,323628767924854784,0
323189792059822080,323189515227385858,0
323833408017022977,323832745296023555,0
323204577006592000,323203897520967681,0
323525466390683648,323516146659758080,0
323529996276748290,323516066959618048,0
323581288386813952,323577400287952896,0
323598409552510978,323598124356599809,0
324395373466615808,324395268588060672,0
297364963209662466,297364539593334785,0
324278524351500292,324274250351513601,0
324253287211728897,324249684313006080,0
318440027979919360,318439214284955649,0
324295741948428288,324295477694713857,0
323121248756436993,323120929972551680,0
323129863848476673,323128865591525376,0
323718148530528256,323717913649500160,0
322919452377219072,322919230079115264,0
324075750724616193,324071841616506881,0
324243145393074176,324240293266354178,0
324191651910258688,324191387669110785,0
324061213262753792,324059694907936768,0
324114858410921984,324113742700883969,0
323848385864011776,323848067096920064,0
323777967715151872,323768064971784192,0
289259705614860289,289167875506315265,0
323899610898780160,323896922362482688,0
323694362636730369,323693322449330176,0
297597092795383808,297596346179932160,0
320053442527776768,320053127959154688,0
323581300965515265,323580441133187072,0
323218363654483968,323217864549072896,0
324382484345262080,324382006182031360,0
289175869866532864,289175370765316096,0
323068081750552577,323067716858683392,0
292750889087799297,292749580452364289,0
318119511872118784,318118991770050560,0
324324456141029377,324324296791056384,0
323174956798201856,323150889911201792,0
324393225949417472,324382421418143745,0
289575733829984257,289471912227241985,0
290557054177910784,290556034978832385,0
292675429356171267,292674611458494466,0
323935207973593088,323934503343112194,0
323948768166817792,323947996402302976,0
324379196036108288,324379011461554176,0
322834102522896384,322833238458515456,0
322927476080799744,322927320899940352,0
323890651869634560,323890416984391681,0
323299947065769984,323299666060009472,0
317006800757088257,317006473630711808,0
289516392833761280,289516162138640384,0
323574011302932480,323567254245621760,0
290765301358944256,290763359396192256,0
324193551929974785,324193023426695168,0
324408468058558466,324103080780107776,0
323901607412629504,323876546446245888,0
322939748639465472,322939060777791488,0
323308511847145474,323308029514747904,0
323131709358997504,323130648200101888,0
290824579478351873,290785312383320064,0
317119598170365952,317119099052380160,0
323397858910945284,323397569482993664,0
324276351676850176,324224480706719744,0
323087736263286784,323086649946947584,0
322836933678100480,322823549624664064,0
323125082358702080,323124088279281665,0
293602475380989952,293602295021727745,0
323336567534018561,323312840381460483,0
323447297151225857,323446911304609793,0
289275321017053184,289275019001991168,0
317179035669110785,317176238059954179,0
322983793038340096,322981653913939968,0
318976135549579265,318975267332820993,0
323349230141976577,323331169468944385,0
323717372575899648,323716273685004288,0
324321503351017473,324320765182881794,0
319274266665299969,319272802857398273,0
323969357988364288,323966090608783360,0
293010717815238657,293010428404043778,0
323241189086220290,323234868265889793,0
323810393849999361,323808296718983168,0
323372340748619776,323371904545210369,0
323832707559866370,323823178088603648,0
322911663579856897,322909532881842176,0
323905260634664960,323903159275769856,0
323348600983805954,323345581097496576,0
323922444681371648,323906049163788288,0
324346845360963585,324320500924956672,0
323966082241138688,323965864137342976,0
324020205548351489,324015000421285888,0
323484265776033792,323450103161581570,0
323614867988824065,323493245785108482,0
323823647884193792,323823001965563905,0
323490691445571584,323488657199738880,0
323155419751120896,323107168456962048,0
323784166892269569,323777942553522177,0
324333222248988672,324329820651679745,0
323617099354357762,323616365376331776,0
323745310864207872,322993846772432896,0
323778450051706880,323772322152587264,0
322838108053831680,322837353095892992,0
319847229571608578,319844259987607552,0
323960528995233792,323960113725571072,0
324260820164956160,324260216210341889,0
323837371638480896,323836365009723393,0
292979306697728001,292969420685455360,0
289332300645298176,289331218502254592,0
323186369524543488,323185450976157696,0
324156574929141761,324155312460419072,0
324107879089065984,324107585475190784,0
323084213026975744,323084091413127168,0
324078292472848384,323926781600088064,0
323163690906050561,323158615785607169,0
290243420889436160,290243223765536768,0
324097779192442880,324096801902845952,0
323912084784029696,323911736648421378,0
324380961821302784,324380525592731648,0
324061641060782080,324048798101946368,0
290553560301703169,290552633373122560,0
289788536050286592,289785205751943169,0
323612850549559296,323612062003638272,0
323660921463525376,323660736888987649,0
324341044630130690,324339773760225281,0
323503651819773952,323501164610068481,0
290163737518804993,290163154502160384,0
324403619451506688,324401841062420480,0
323587760227229696,323570379002109953,0
324286426390876162,324286095040839683,0
298633392038240256,298631986942181376,0
323030710493519872,323024213508243457,0
317657605768093696,317657295393812480,0
323123052307181569,322958312641536000,0
324287076516388864,324285709160701952,0
324396044546891776,324395478294863872,0
322826372395446273,322826309493456896,0
293462511469084672,293461102191316993,0
322888309686812672,322887026233987072,0
324202938794905601,324198354391277569,0
323628725990219776,323611000836345856,0
291492627252137984,291492132320063489,0
323209513677230080,323169772655214593,0
323563768799977473,323563315789959169,0
290348723094036480,290346600763637760,0
323626163249504256,323625953555271680,0
323519242081271808,323518927491715073,0
318846212793057280,318832103129247745,0
324331624206581762,324331481596035072,0
323921106702585856,323920330777321472,0
291035892703969280,291035003498926080,0
324384174637199361,324378600440725504,0
323150537568694272,323149614817615875,0
323490716611403776,323477869445648385,0
319936035570200576,319919329665769472,0
323098805048332289,323097932633083904,0
323421347004968960,323420575257223169,0
298172450615742464,298168289887145984,0
323116848927346688,323104815469191169,0
324267732407312384,324267401053102081,0
323258830291079168,323258280858247169,0
323647029911891968,323637412389584898,0
322902268351500289,322901538504855552,0
323511230931275776,323506516562948096,0
323962785509806080,323962198311440384,0
323591589630976001,323587642765754368,0
323198319079878657,323197803184672768,0
322783649202307072,322782403523379200,0
297892002681466880,297887003071115266,0
323388442711056384,323388165878599681,0
323842836812406784,323842102821789696,0
322793765892923393,322793535214596096,0
324359365337444352,324355007459766273,0
323961976025915392,323954224956317696,0
323616294052171776,323616084357959682,0
323574816592506883,323574300693127168,0
322893980377423874,322860056863465472,0
324389606265085953,324376977232502784,0
323692420673966080,323673051399061504,0
323661609325170688,323656622310309889,0
324063255876231168,324062790308474880,0
324226737263226880,324220726808817664,0
323162776547774464,323156074070953984,0
293366516437635072,293167131816763392,0
289483501110181888,289483375272656896,0
323283362791964672,323283035627859968,0
292425767592263680,292424979071512576,0
298115210974208001,298060961816932353,0
323601177793134592,323600527659261952,0
323630856692453376,323630324024221696,0
324312066171211776,324311978120200193,0
323952148771643392,323939695866290176,0
293173674926817281,293172152407035904,0
323711383122354176,323637966025146368,0
289967465067335680,289966760394887168,0
323956254991056896,323955135095115777,0
318409044664664064,318408637846548480,0
324190192300863488,324189563130105857,0
323893302669762560,323885773885689856,0
323994255368540160,323991550063411202,0
323822586721091585,323813417976737792,0
323745608630423552,323738386059915265,0
323349012033974272,323346751308308480,0
323891771736199168,323891587220377601,0
324309323125776384,324309184705355776,0
322972283859767296,322971218489798656,0
323982649729372160,323981353702019073,0
318410126824443904,318406054142685185,0
324275349259165696,324274585874886657,0
323103804625145856,323103557156995072,0
323576267821703169,323571696026136576,0
323141519840264193,323131726102659072,0
323487663128727552,323485121414045696,0
289344799658635265,289339821019783169,0
323475004719235072,323474883113787393,0
323978237342539776,323978098917908480,0
323686632538644480,323492201386622976,0
318287690858655744,318285811843993600,0
323878454821023745,323871551025995777,0
298128666284679169,298010755989635073,0
323140639036411904,323138357309890560,0
324292097119252480,324291052724957184,0
290996319449935874,290995719651856384,0
323771139363045376,323224332157480960,0
323786423419408384,323717053842329600,0
323294167323246594,323293798216118272,0
323404980813967361,323404519453106177,0
323253197340819456,323253033788129280,0
323570060260159488,323546941256499200,0
323805289398812673,323804559573131265,0
323930023801270272,323929528890167297,0
324194860531847169,324192528528203776,0
323537004946132993,323445116108935168,0
322806759850905600,322806118118199297,0
292702516167184384,292701815705849857,0
318131104915795968,318125803340718080,0
323516603830513664,323507787424473088,0
323934411060047873,323926043406778368,0
323160377410084865,323158498345091072,0
323237980410093569,323237653254377473,0
323620349956718592,323620186395664386,0
323496773194760192,323495909159755778,0
324179974967943168,324179610067668992,0
290590432432377856,290590180774129665,0
323995161329811456,323980246393163776,0
324275588321906689,324274241967099904,0
323061190525845504,323058812342902786,0
323928622907924480,323928459321688065,0
323575126950043648,323574934049808384,0
323713253794533376,323712893084377088,0
324370404766539776,324370278916431872,0
318710527033495552,318710275392040962,0
289349254009483266,289311912108376064,0
324199075845128192,324194235584749568,0
290682661003997184,290270524494458881,0
323189171298639872,323189007720796161,0
324037062439350273,324036735279439872,0
323928878764654592,323928648077959168,0
316941063430488065,316933484348309505,0
289440282997567488,289396309897662465,0
293561077621485568,293560565899620352,0
324251542389682176,324231812383641600,0
323486664901132288,323486375515140096,0
323196679106985987,323195542467403776,0
289140281197068288,289140180516999168,0
292611822744395777,292610325352701952,0
318824045879648256,318819193090875395,0
323896813293821952,323896561669136384,0
323987531924377601,323986344911175680,0
324248254030163968,324247490671030272,0
289205884322709504,289205032883204098,0
324158739223547904,324158563046019072,0
322910547895001088,322910203966287872,0
298605428634419200,298598843556184064,0
324055836156633088,324048135427072000,0
291128528076955649,291124006642413568,0
298290318938361856,298289266176450560,0
323366527464267776,323366368089088000,0
323776931722059777,323776478712061953,0
323630399492354049,323630303052722177,0
323408634069540864,323408264979169282,0
323132506280951808,323123111023230976,0
323026532979314688,323025144673083392,0
318359228932833281,318358528471482368,0
323775769878863873,323775174304481282,0
322860870537474049,322860509860868096,0
324339849261875201,324337743712899074,0
324389191041576960,324373500137730050,0
323278820373323776,323275922105061377,0
322870207083315200,322869938647883776,0
323600812901294080,323600452182757376,0
323161459561492480,323160956207239168,0
322910623375716353,322901089747886080,0
323865058226610176,323847182115565568,0
323542126178746369,323539534098870273,0
297863573684760577,297860809646829568,0
323148033565007872,323081901994807296,0
323765862924419072,323762478125309952,0
323840307651289088,323839909192417280,0
323340715688067072,323338702434754560,0
324204150927790080,324203605685043201,0
323676880781852676,323676440392507392,0
323782631776976896,323781570601299968,0
323764340400455680,323758178972082176,0
293491053728763905,293489174680571904,0
316988270326214656,316988081569935360,0
323841511420723201,323841276543918080,0
323246008320552960,323244783587971072,0
324361311494475777,324360564904173569,0
323257274221092868,323257186144878592,0
323035450073808897,323033331925135360,0
323544810558464000,323480843223961600,0
324021677723893760,324021317038907393,0
323998625862676481,323864945001365504,0
323502779438088193,323502540354355200,0
289179049157353472,288914627629309952,0
323801678115659777,323801497764769793,0
323650536341647361,323649429070544896,0
297616218783883264,297615111512788992,0
323735206777466880,323734753809428480,0
323195290796568576,323194363867955201,0
324399014097338368,324397801956061184,0
323183651611365377,323178521990135808,0
322985294578208768,322983591699169280,0
324244634354212866,324232219214364672,0
322970107020210177,322969402351955969,0
324170231578755072,324157451538677760,0
317823230423465984,317822991343955968,0
324217643999571968,324217048404226051,0
324278973112647680,324277953913565186,0
323153779782467584,323147991613579265,0
322814909387776001,322814783554465792,0
323939268059865089,323939133854720001,0
323384726540931073,323383715730432000,0
323134364336656384,323134263681769473,0
323549193606148096,323545888494592000,0
324112794788188160,324111809147715584,0
322864007910391809,322863609426362368,0
323004068287098881,323002944222027776,0
318744605774467073,318744085689139200,0
324252905538482176,324251643036184576,0
323560266539360256,323559826150010880,0
323955193807007745,323953776165801984,0
322795804303687680,322795691082657792,0
289439091811037184,289436696859246592,0
288973016568852480,288962656633753600,0
324009539412307968,324009174503673856,0
323515131625619456,323514372469174272,0
324268931940511744,324257330516611072,0
324311512514711553,324303241368174592,0
323497846919798784,323497658155163648,0
323485645702037505,323484681012125696,0
323832904704745472,323830144861093889,0
324253094286327808,324252561580363776,0
324334652523429889,324331435475480577,0
323083143517196288,323059177226383360,0
322813604934070272,322808823414935552,0
323965255946485760,323963959906545664,0
324241597661327360,324241174057607169,0
324176988615106560,324175122174976001,0
322820542321287168,322820219368255488,0
289375401300611072,289374650503397376,0
318812746454011906,318812037583106048,0
322966172729475073,322960116179693568,0
289674543256178688,289673582768971776,0
323538573603266562,323538439377154049,0
323452040904859648,323451659227373568,0
323148604002926593,323147920335577089,0
322876297200156672,322875668037771264,0
323958280848297984,323957685248741376,0
323464095359713281,323463906599264257,0
324020335559208960,324018175480049664,0
323705938932551680,322788636233986049,0
323060129337581568,323050226615205889,0
290236311560933376,290230078816788480,0
323434424836448256,323398643237400576,0
323969651598061568,323969278288207873,0
324002564280561664,324001419260743680,0
323394230825410560,323393480032407552,0
318123387388035072,318122682782728192,0
323149509955821569,323133085090717698,0
323826747453882368,323826458072076288,0
290562053775691776,290542617375166465,0
322797427511947264,322775222883332096,0
323912999146500096,323910486750031874,0
322978797588713474,322931519415005184,0
323805905982472192,323805788525178880,0
324399878111363072,324399244779851776,0
290818279629537280,290817252016652290,0
323903893304127488,323903599686082560,0
323596400476700673,323595972653494273,0
323532785480511488,323532567372517376,0
323343077098008577,323342770901233664,0
323945672736923649,323939351945957377,0
323433032348467200,323267332157870082,0
290267122901327872,290195886871543808,0
292823949664993280,292822729118334976,0
290129583276167168,290129172246982656,0
289859835015606272,289859239445409792,0
289723755041812480,289723062952292353,0
317449836704186371,317444589646647296,0
324284530582233088,324249214529966080,0
324303543374864385,324293326037712898,0
323957899141468160,323873610425069568,0
298127462502637568,298124564259565568,0
324081303970529280,324081144570212353,0
324058159813632000,324055345431445504,0
323191704662454272,323186663113232384,0
323886004576583680,323885727760920580,0
290236865221627907,290228124254359552,0
324156910469263360,324156834996973568,0
323578218173063168,323578151051620353,0
324245389328928768,324239899001761792,0
322832600941076480,322806592074571776,0
323207521403822081,323207156465811456,0
324253329146384384,324252855202639873,0
290061564281761792,290060784107659264,0
324143207686488064,324142532416126976,0
290116257984937984,290098616767508480,0
323378045023027200,323377839497953280,0
324133753742053376,324131614638608385,0
322784626508713984,322783120724209664,0
324347638080233473,324339777950334977,0
323977885025202176,323975854956892161,0
324153789940637698,324152036708982785,0
290961682887483392,290959380218793987,0
323552930722631681,323552611959713793,0
324203945402699776,324203714711785472,0
323499067462266880,323498840982437888,0
323706203148537856,323706027008724992,0
323876240236871680,323874092782612481,0
324239320154251264,324238464528814080,0
323890135991189504,323889787834621952,0
291315182997741568,291208857395556352,0
323829389890551808,323820397273415682,0
322818990441381889,322818143183589377,0
293603452662185984,293603200995557376,0
323699911713497088,323699794268803074,0
323779230192259072,323777481184256001,0
323911354979328000,323909937266839552,0
324159246704984065,324133179105628161,0
289211022324162560,289150498534223873,0
298502051623739392,298499132371378176,0
322904659087990784,322904478732926978,0
323689119756713984,323688855519768577,0
323224407671701506,323223833039495168,0
323342443749720064,323341772686237697,0
324265480045072384,324223646056992768,0
323946230579343360,323945987334885377,0
317392324432900096,317391250653319168,0
324173557691195392,324171917718351873,0
289031942324756481,289031157998301184,0
324382144610828288,324380592714170369,0
289863995756773376,289730776289902592,0
322961357697843202,322956135797772289,0
324157430600695809,324157032129245184,0
293022977774194689,293021883060858882,0
324210752774885376,324209981006172160,0
323555950608932865,323522400383807488,0
323867960676585473,323867738391060480,0
323221714932756481,323221391962943489,0
323595515482763264,323594873745862656,0
324233460749328385,324217304252547072,0
324232827409399808,324232705741029376,0
289193477546332160,289188943495299073,0
324322212209364992,324321906033577985,0
323536874918510593,323534727443275776,0
323858653541195776,323858548658429952,0
317894424560545795,317893199790219264,0
322853043974586369,322852481950437376,0
323089002934718464,323087216148639744,0
323472764998676481,323463185170591745,0
318468230496804865,318467760747319296,0
323966266790526978,323965667005038593,0
323605678277148672,323600385065484289,0
319112496579506177,319109963224055809,0
319902766350872578,319901671645933568,0
323878379357093888,323875590111387648,0
324320433799311360,324320068924223489,0
317686051504259072,317627067036471296,0
290923795739455490,290921404973600768,0
322795607171420160,322795074507378688,0
323419413439197185,323407677780815873,0
323712343626371072,323495368065163264,0
323966380015767554,323962324148969472,0
323971320914268161,323970280726867968,0
323336554959491072,323336311681462272,0
324167731781976064,324166490288955392,0
324279933612462080,324277257667477504,0
323917851947851777,323917474443714560,0
324388171829870593,324387622367678465,0
317669400121577474,317669089755660288,0
324083363377991681,324083153646006272,0
323625219543666689,323625076916367360,0
324311030173941760,324308605866237952,0
323059131105832961,323058787185483777,0
324169984131604480,324113780474793984,0
323870594733056000,323869009248407552,0
292390115999875072,292383015064199168,0
323240593482473473,323240429913001984,0
322829509743222784,322829169983627265,0
317081430016532482,317078254924214272,0
323896804901007360,323896096063627265,0
323592961155792896,323590402634555393,0
316820594647769088,316819457970413568,0
323941474246995968,323664197206560768,0
289049029910867969,289039664021635073,0
323921341608759298,323919810662653952,0
319714182062829568,319702136021716992,0
323776852009304064,323775778280046592,0
324073947157127168,324054074527973376,0
323562879611711488,323561986233356289,0
324269825360805889,324216150844129280,0
323767251276820480,323745390535000065,0
323802806362460161,323767356113444864,0
323034665718005760,323034539901480960,0
322778041443037184,322777529742159873,0
297541493088980992,297528595591602177,0
323684036247711744,323683839136382976,0
323635399102722048,323635315237605376,0
323992766394810368,323992439226499072,0
323918292328796161,323918107808788481,0
323718878347800576,323718203081625600,0
323994788074500096,323990304338354178,0
323566759338704896,323563429061353472,0
323560874726010881,323560652427898881,0
290733152035553280,290732422222450688,0
323053082923630592,322989052657823745,0
324243480941568001,324242256183848960,0
322791270277869568,322789772886147072,0
324344727216476160,324344072917643264,0
323870385017851904,323869814579920896,0
323186101097480193,323184683401744384,0
323765607084462081,323756031501025280,0
324272320971698176,324256059638308864,0
323524136825651200,323523528626417665,0
323772984886185984,323770011116265472,0
322791152816386049,322790666310676481,0
323588959793999872,323587634368749568,0
322839429288968192,322839165047799808,0
323183693533425664,323183236350087169,0
323817972969926657,323817670967447553,0
322872815932030976,322870123180462080,0
323809475335176193,323809018151845888,0
323421657396019200,323421028225277953,0
317372141433659394,317371659063537664,0
322816687760109570,322816448672174080,0
324007417123835904,323978614813097984,0
323283912249982976,323262508708278272,0
322878243348836352,322877664564240385,0
324354596417978368,324351903666434048,0
323253436453896192,323253247676653568,0
293144188965502976,293144100901908481,0
323482877448835072,323402938213081088,0
323669922452488192,323669725286649856,0
324297285443915776,324296945705299968,0
323984453284278272,323984126153728000,0
324181166167048193,324180843205632001,0
322815064556060673,322814800298127360,0
324246681187151873,323524463952007168,0
290620203597967361,290619343786627072,0
323757457572782082,323754412474499072,0
289072513831546882,289065077343133696,0
323830983717687296,322778309878497280,0
324145149678587904,324144847688704000,0
323994653848371200,323994146345984001,0
292168396731187201,292068761014530048,0
289054868386226177,289052859322990592,0
289192689046548480,289191967609483264,0
324386221461753858,324385470677123074,0
322876838265356288,322875978441428992,0
323153171595796480,323144334218240000,0
322867371738009600,322865589125279744,0
324011728851582976,324010562835083264,0
289575981314891776,289571824734437377,0
319865680314908672,319863566368915456,0
323793532764696576,323793058799972352,0
323934520116129792,323927540773318657,0
287883298628321281,287882900182011904,0
322796269863067648,322795028361666560,0
323545070592724993,323539022410555392,0
319611677442195457,319611597788172289,0
324311206351491072,324302968721649664,0
322898069819641856,322894139752587264,0
287833944248963072,287833575158587392,0
323418582975389696,323418448761847808,0
322990558412939264,322990369673461760,0
324001423434067969,324000756539744256,0
323096661738024961,323096292639252482,0
324137293717848064,324136723313467392,0
323112574918995969,322795946922622976,0
324201915363762176,324196789924286464,0
289072169907011585,289046270063046656,0
323791917945081856,323789116166782976,0
323916019007643648,323915666702884864,0
323478620213477376,323476061713219586,0
323808078606782464,323806841308061696,0
322800401281859584,322800292229947393,0
323122477691707393,323120359568203776,0
323117964599627776,323117360640831489,0
322820584268509184,322819254686724096,0
324397843890720769,324395683815759873,0
323379886309928960,323378686751551490,0
322876494349230081,322876234298191872,0
322812854170447873,322812111749275648,0
323155264549310465,323155046458093568,0
323261317551099904,323261124608933888,0
324014757118111744,324014320939831296,0
324226049409953794,324225537675505664,0
324005202497789952,324005076689620992,0
323734569247469569,323734099468627971,0
324333549417291777,324332500824510465,0
319954960261464065,319953831989477376,0
324358270649266176,324358169985970178,0
324026325012733953,324022264960016384,0
323085332931305472,323084796043616257,0
324274749473689600,324265215808135168,0
324380542390902784,324378982126587904,0
323915306005323776,323914785886445569,0
323999313724338176,323926399939403776,0
322874527224844288,322874275554000896,0
322790389486583810,322790204924649473,0
323866568163471360,323866257818521600,0
323133361885433856,323133282214621186,0
293473609614249985,293473303430066176,0
289522856239452161,288922491966070784,0
290505116115677184,290504935752228864,0
324392886214991872,324391825068654593,0
323965260170153985,323961774686748672,0
323331794424459264,323331123348393984,0
289570050573209600,289569819857141760,0
298923025498255360,298921310065672192,0
291624106074456065,291618842235518976,0
322835293696835585,322830038233919489,0
322833074918416385,322823348293885952,0
323808078619344896,323806979694944256,0
318042013696131073,318041640403095552,0
323461360677707776,323460186243231746,0
323403034656915456,323395677868679168,0
323389738717442048,323389252194938882,0
323663194755321857,323662276211142656,0
322813151940857857,322813030314414081,0
318909160890712066,318904954003791873,0
324378009039687681,324377526677929986,0
323976299565678592,323976169542283267,0
323088768049504257,323086796726620162,0
322879270974279680,322879140929892357,0
323888202404462592,323887963341717506,0
318731439862583296,318682609775427584,0
323290807698350081,323290686034169856,0
323305236083126272,323304225247485952,0
322905363735252993,322904495518523392,0
293186668872212481,293181774106873857,0
323406054589337600,323291344544100352,0
323002688344309760,323002092753129473,0
323504696235012096,323504260006440961,0
322779563954409472,322779043877494786,0
289412088890273794,289352248725745664,0
290821064634822658,290788747535085568,0
290543842128703488,290533784183521280,0
324251366220505088,324251051635122178,0
324012936819519488,324004866966044673,0
323642546221903873,323642156151631872,0
323996969087406081,323996826489483267,0
323134687306448897,323133865235464192,0
324360967557365763,324360531379105793,0
323930078335614976,323929902170664960,0
322786086118105088,322785570201956353,0
289668734136766464,289665747813273600,0
322892059415547905,322891375723020288,0
324285457502437376,324258098065846272,0
324168809730670592,324167979250114560,0
289471304048988160,289470926553231361,0
317579256135815168,317578937402273792,0
323095210521415680,323093667000762368,0
323630244311465984,323630105903644673,0
324020041941135360,324019437982347265,0
290452280459796480,290397133742428160,0
323508114559221760,323505728004444160,0
288934311531520000,288934173090123776,0
322810580828311553,322810413085499392,0
319273759154507778,319273029349814272,0
322921226597183489,322918940709879808,0
322941195678527488,322934430253600768,0
322906970149511168,322906869469437954,0
324135385326313472,324087138230603776,0
323051040305995776,323050818016256000,0
322899206480220161,322897457455435776,0
324276058083979264,324274564899164160,0
322890939532181504,322884903895179264,0
323873971139387393,323873593631076355,0
317692091339784193,317688643609313280,0
324406769365446656,324406157005438976,0
290673605489074176,290540784468492288,0
323225540133810176,323211157844414464,0
290187829609394176,290152681308299265,0
323960138912382976,323959945986965505,0
323182363968434176,323182024225615872,0
324159880040697857,324158621774667777,0
323968603013652482,323890337296818176,0
323705058124525568,323703724335824896,0
323256280192008192,323255722341179392,0
323897887064997888,323897153049210881,0
323682757018542080,323682304012722176,0
323766353666400257,323763941937401858,0
323050994164432896,323050817982709760,0
323394390208962560,323373754250035200,0
324153341120745473,324152535818584064,0
323564876075257856,323564540547710976,0
290571528729403392,290570090078932992,0
322879057052188672,322878524388151300,0
297352321577390080,297351986020491265,0
323810410664964096,323809974453149697,0
324143383859822592,324142767313915905,0
289080269082869760,289067249992626176,0
324164166648741888,324149780156674048,0
323572211908747264,323570571952664576,0
324231040614952960,324230772162715648,0
324264259515215873,324263953310023682,0
323261942498201600,323259950203822084,0
323397527556739073,323395543659323393,0
322887185604943872,322884299915423745,0
323935195386494976,323934717227433985,0
323489852559609856,323487260513280000,0
324024936719069184,324023812633022464,0
323911992488361986,323911426269917185,0
323303185093652480,323282196762861568,0
322865186505629696,322864330834079745,0
323442675040804866,323442297566011392,0
289032886034788352,289031065706831872,0
323936969589657601,323931391165345792,0
322796357943447552,322782789407760384,0
319082331115765760,319081420981157888,0
323489739317583872,323489223430778882,0
323329978278227969,323328942285127681,0
323108565155983361,323108242207162370,0
295939206038036481,295937813541699586,0
323569640808792064,323569372373327872,0
323273418080395264,323272780575567873,0
322885835047440384,322885457547513857,0
289808538694471681,289807246853029888,0
317778498188083202,317776942080335872,0
323166161363668992,323165259563139072,0
289542603039440896,289542472995057664,0
318898989695123456,318898373140807681,0
323241944027381760,323241327473065985,0
298863499944280064,298862380069298176,0
323301616402976768,323301461234688000,0
324101189140639744,324095048692146178,0
323942707389153281,323942082416877569,0
323722225402392576,323722019898281984,0
323665170280898560,323664385946030080,0
323159802807214081,323158917813252096,0
289624823984971776,289596659241992192,0
323436798829264897,323386169394081792,0
323623554405003264,323618915496374272,0
289908040164048896,289902705005174785,0
323085249036828673,323080270402187265,0
323069700756090881,323069394571911168,0
322848585433636864,322848434426109952,0
289208556077584384,289208342168076288,0
298491100300201984,298490148176404481,0
319332361974194176,319273578799460352,0
289948376785620992,289942148248383488,0
322937718592118784,322935474652061699,0
323353676104220673,323353210523881473,0
323016122720997377,323015837520904192,0
323621163643318274,323616394744844288,0
323703711731961856,323698959610695680,0
324242960814333952,324241706730020866,0
324326263886053376,324280701182701569,0
323595620331966465,323588095750578178,0
323358944166834176,323358566679453696,0
324210610147565568,324187088507502593,0
323368112890208256,323367714460672000,0
323609688014979072,323609394430480384,0
322800493564919808,322790783730192384,0
324306093478125569,324305338499211264,0
323919630328541184,323919303181217792,0
322836799443595264,322836686184779776,0
323497653965053952,323497192608382977,0
289868718555676673,289868253008900096,0
323785462911225856,323785102230425601,0
322774027502514177,322769321493409792,0
323664419517259776,323662875988201472,0
316869890298503169,316819378312196097,0
324266864169586688,324259440264097792,0
323210599993589760,323210037956861952,0
323167088288100353,323166857601359872,0
323859706303098880,323858540265611264,0
323832464298631169,323816848913203200,0
290979965833474048,290977470226776064,0
324144491147694081,324144285643595776,0
290289621164761092,290287159108317184,0
322868739051778048,322865215861575680,0
292768555475279872,292751874732478464,0
319827688321871873,319741365342830593,0
324241262129594370,324212405313875971,0
319456190402789379,319455859048603648,0
323284054843731968,323275422991257600,0
323907798196944896,323907227775819777,0
323133483516039169,323132812465152001,0
324345830339395584,324333423562997760,0
323855923036696576,323854723457376258,0
323936910869426176,323894560986103808,0
323276433789181953,323275867574915072,0
323721185210822656,323716340781289472,0
324361856779182081,324357666665271296,0
293367325942489088,293363077112532992,0
323120133063204865,323119847863091200,0
323823098430369792,323802651202555905,0
322839710282174464,322814531871055873,0
323200047120539648,323182208783355904,0
323791876018823169,323790043120537601,0
324208697578500096,324208424927764480,0
323143117836521472,323142958469763072,0
290150714196512769,290146507305385984,0
323022007333687296,323021130694803457,0
323553522098528257,323553333375795200,0
324076899963908096,324076497293959168,0
324165752083083264,324165055807647744,0
324027075788951552,324026777997545472,0
322854327448375296,322854134514593792,0
323513864958402560,323513500049739776,0
289493961675001857,289456930190159872,0
323294867776237568,323294372827377664,0
323544122692608000,323543866840068096,0
322781107458277376,322778532151455745,0
324102925582471169,324102455845613568,0
323206741246504961,323206556684537859,0
324181442957570049,324181103227318272,0
322789684830928896,322789345096499201,0
324317892063682560,324315174163054592,0
322775013138763777,322774375612940288,0
323885891338792961,323885618700644352,0
323956221424054273,323887942366011392,0
323995647890059266,323919517090713600,0
323263146234085377,323262949122772992,0
324063876612227072,324062836450000896,0
324272157360259072,324271977034575875,0
324343359898533888,324342424560336896,0
324400343695884288,324399529996726274,0
324045551723237376,324044050137243648,0
322943515107663873,322929007001751553,0
323921018643173377,323920712442208256,0
323146192261357568,323145407930716161,0
322850145735671808,322849617236615168,0
324177114465185792,324174350423040000,0
323291914965233664,323291705245851648,0
323573109502377984,323571851202801664,0
323565148717604865,323564930596995072,0
323247644115873795,323246507438534657,0
323882636567248896,323882116481957889,0
323379412349382657,323378263101673472,0
324338293183508480,324337412379652097,0
323071017746579456,323064927642337280,0
323852768915898368,323777795723513856,0
322884262196023296,322882022441897984,0
323664348184707072,323664016838914050,0
323289796866887682,323289566150787073,0
322938217701728256,322828817683075072,0
292433753572245504,292388631249838080,0
323014348542980096,323013308326227970,0
324239265653477376,324239051718799360,0
323921274470551552,323921144484880384,0
293546514976997376,293544849863479296,0
319906289578827778,319900581110087680,0
323499285566070784,323498039870361601,0
323541375398334466,323472433619283968,0
323270444331450369,323268665950748672,0
323524103262834688,323523302138204161,0
324263466795929600,324260664975691776,0
289181976777334785,289181670605725696,0
323619951510446081,323618827428573184,0
324205631517122560,324203228197699585,0
323668680938516480,323667984646275072,0
323949258883600385,323948654924804096,0
324177412252372994,324109581947138050,0
290867784982859777,290867336188133377,0
323239360336105473,323229872824651776,0
323067830104907777,323067146429157377,0
322902318670557184,322901647573520384,0
324286216671490050,324285985993158657,0
289510336254595072,289494834094415872,0
322879967228727296,322879761699463168,0
324230734451707904,324230306603364352,0
323205550064152576,323198033875591169,0
323284394607538179,323282536497299456,0
323590872375627777,323590524260982784,0
324241807380725760,324241622864887808,0
323969295086403584,323969039204511744,0
323496244674707456,323490502689316864,0
323879348211957760,323876286365847553,0
318578788143357952,318568642134548480,0
323368926597763072,323367768965652481,0
324139923575803904,324138782720921600,0
322869485637865472,322856466530828288,0
323320771789332481,323318007747211264,0
324008931255017472,324008595719081985,0
324351438123827200,324350163030261761,0
322887961546985472,322887336599891968,0
323339000234512384,323334717854347264,0
289746257470169088,289737764008779777,0
324120906584715264,324109716198400000,0
322870085423353856,322869741494624256,0
323515299435528192,323515035185999873,0
323924726407905281,323924512502599680,0
317487996507144192,317487468024852481,0
323916375540260864,323915255652700161,0
323615773954293760,323614314370064384,0
298089982210486272,298089717960941568,0
323682488557916161,323681859437461504,0
323449549513433089,323449385927192576,0
324386338927427584,324350737649922048,0
323274588328955904,323274206647316480,0
323270930874904576,323266484904292354,0
323538791707078656,323537961239060481,0
324157724176822273,324156193243287553,0
323854916403728384,323851972019122176,0
323900080665001984,323896473580339200,0
323583482011975682,323582500544860160,0
298746671809064960,298731542941949952,0
323452573619200000,323290182734462976,0
289275572662702081,289275396489367552,0
323064298471579648,323060104196939777,0
323680995406643200,323680739541524480,0
323661257020416000,323658253869412356,0
324141718721159169,324139164373229568,0
293387534094970880,293387341136007168,0
323815628353961985,323813497664323584,0
324162556027604993,324157493477523456,0
324336598676295682,324333746528595971,0
324012819362246656,324012643209867264,0
324082679714816000,324081228477259777,0
323652662853767168,323651555595255809,0
322899646882140163,322898774466908161,0
324010931938025472,324010256650870784,0
323288584683667456,323255059632758784,0
298125294047473665,298125143077683202,0
324170726519214080,324165252977659905,0
289978588365721600,289977686565212160,0
324110605386665984,324108629835923457,0
322888372592967680,322861826842951681,0
323526301090738176,323525890023768065,0
322897662997299201,322896463422173185,0
323341965628424192,323305944916307968,0
323122666431205377,323122532192505856,0
323613890707603457,323613764916219904,0
322859511616516096,322859205402972161,0
317286468563386368,317285143171698688,0
293617931391205377,293616895414894592,0
298085590770020352,298083778834870272,0
323747705795010560,323747353460895744,0
290053989347782656,290051980271951872,0
323125820560396289,323123404607729664,0
289548651204841472,289548248564264961,0
322822396216238080,322821964177743872,0
323530994504331264,323525642564014081,0
323179553784754176,323179419567001601,0
290582622655090688,290549143724769281,0
324093400343265280,324092494381977600,0
298810869842857985,298809263424417793,0
323736913863389185,323715208331796480,0
323850382373683200,323850088780820481,0
322875177316802560,322849327812837376,0
323254862492098560,323251209278472192,0
323075623130132482,323074574545731585,0
323586296406765569,323586095063379969,0
323957462946422785,323828228051574784,0
324227186049576960,324205669282627584,0
293408606282461184,293408191025393664,0
324090749522165761,324089881330610176,0
323101749411995648,323101447459852288,0
324187755393458176,324187151426281472,0
322921167868530688,322920643567964160,0
323906149835501568,323905516474626048,0
290696867115855872,290688843416494081,0
323888185635651584,323887644578836480,0
323492847309443072,323492381750095873,0
323395770122383360,323393358426935297,0
317780750520963072,317770357018857472,0
323254870905864193,323186017211400192,0
323888240132255744,323888089145679874,0
323070204072558592,323064067797422080,0
322910950527217664,322861407437733888,0
323147261821460481,323147094066077696,0
317269636817227776,317269351629729792,0
323452191937556481,323452028347101184,0
322792381747433473,322791387705778176,0
323355949433753600,323294830010716160,0
323943848252436482,323939297394827264,0
322871243063844865,322865194877480960,0
289095246950825985,289094894650281984,0
323693846745722880,323688599658852354,0
323252127818461184,323251922284978176,0
323850524971655169,323850336227971072,0
289781107954700289,289780722074537986,0
289838968374190080,289830370055163904,0
322845938811031552,322845427105923072,0
323920091706179585,323908498645741568,0
323082476606074881,323067804926492672,0
323616537346965504,323615706841223169,0
298822538375602177,298818377617653762,0
323521653797707776,323514447970856960,0
298912191611023361,298912082559115264,0
323239674929901568,323237376455479296,0
323086826082549762,323086368924385282,0
323462048543551489,323461914300669953,0
290361188565532673,290351579431841792,0
322801974116487168,322799545618665472,0
323059722515271680,323059047240704000,0
323041892520583168,323041359839784960,0
323442452725915648,323441332871917568,0
293068330770771968,293066015535931392,0
317296887231295490,317294584541626368,0
323950903042387968,323933710611263488,0
323818979602862080,323576909566967809,0
323192258306396161,323095105655418880,0
289969272787197952,289843590501376000,0
323922323046535169,323921496789635073,0
323011840344981507,322994245210341378,0
319667973411454977,319667608519585792,0
323570920071507968,323570752320331776,0
323138692854202368,323130912428675072,0
289411644268883969,289409740084240386,0
289098661126893568,289098157793632258,0
324087947760644096,324085330493976576,0
323768736047849473,323758837482020865,0
323916576875245568,323915868016881664,0
323273711719432192,323273191625728000,0
293050643403399168,293048969888681985,0
291643089502736384,291642280010477568,0
323595901346131968,323595737764081665,0
323865527980269568,323570827821998082,0
323899682206134272,323886642123374593,0
323870510826004480,323866933097271298,0
323706882634158080,323675349860904960,0
323999561175683072,323999187861647360,0
323057952523157504,323052424426295296,0
322885990228295680,322885163967201280,0
324315039962116097,324311445418438657,0
323166866002567168,323131323449479169,0
323693729321975808,323693418943508480,0
323612363993522176,323601987281231872,0
324262749548982273,324263391277510656,0
323375658464075776,323375486489210882,0
323515039355129858,323293206810877952,0
323074352256004097,323072720671752192,0
324276175541239808,324271708594900992,0
323451776688877568,323451365659660288,0
323943344902385665,323943000982028290,0
323117322862743554,323113946481577984,0
323273946571108352,323273795597131776,0
323289603933093888,323289419354341376,0
323618844184813568,323618391208374273,0
323565274529923072,323565098369167360,0
323541174071746560,323539789976567808,0
322878423724871680,322877358375829506,0
323622950433587200,323622661001445376,0
319860332573097985,319860030583209985,0
324051507622326272,324050849112416256,0
293110219289026561,293102011031883777,0
324197381321146368,324196819301183489,0
323345191039807488,322810329207828480,0
323370839217160193,323370247807705089,0
290482093589405697,290481808351584257,0
323223543645106177,323220662162452482,0
323205822698098688,323205524894121985,0
323236373995864064,323235979743879168,0
323831684137091072,323831377961291777,0
324035875455516672,324035690914525185,0
324399043449061376,324398787617492992,0
324150262522576896,324149704667574273,0
322915341971898368,322875349283241984,0
324394228400660480,324394060632694784,0
289128038006915072,289127924769124352,0
323986248463155200,323981185934041088,0
317693710332747779,317692179403403264,0
323552242831589376,323552083481620480,0
323594676600979456,323593267327406081,0
323214601393160192,323214337151991809,0
323157588210499584,323156711571595264,0
323475285750185986,323474660803100672,0
322923973845323776,322923114029780992,0
323774217990586368,323773999874183170,0
323679686792192002,323679154082037760,0
323775996400640000,323775283339603971,0
324337236210499585,324336128889061376,0
323889792037298176,323741460476342272,0
323906586017931264,323904627282178049,0
323916128059543552,323915196957618177,0
324279593878044672,324279459677081601,0
322776699248975872,322776531468447744,0
324054103888117760,324053118260236290,0
323674812994174976,323663278658166784,0
318115166552211456,318085340881633280,0
323749324821499904,323748649530175488,0
324396346511613952,324374561309216768,0
323988500787646464,323988333015490560,0
324156327465209857,324156050649513985,0
297771378684350464,297771252842631169,0
324192155239317504,324175893889175553,0
323278635811344384,323263993483501568,0
323218225234063360,323217453486333952,0
323338610164248576,323338069115797504,0
291127907336744960,291125239780356096,0
323553446626209792,323551802463252480,0
289833696125673472,289833452835065856,0
290485319000784896,290361901601394689,0
323396466406195200,323395585598189568,0
323511277089607680,323510157214629888,0
293111192354963456,293104871572402177,0
323888969962106880,323880849793761280,0
323816500756615170,323816303628517376,0
319549807297449985,319549593366982656,0
324350813176729600,324350590878642178,0
323011290878590977,323010565259788289,0
323570802651979778,323558404259987456,0
290144825393700865,290143105750007809,0
322973378564722688,322973286269075458,0
319275613066231808,319260677141307394,0
292485926511321088,292474283106631680,0
323590301941907456,323543623541088257,0
323920867627245568,322790582424571905,0
289435988000899073,289435715387928576,0
298916075561705473,298913730933170179,0
323143960925200384,323138642535149568,0
290091167675215872,290087187284914177,0
323394490897408000,323377327784460288,0
323065284153978880,323064684364312576,0
323938219479678977,323927108755812353,0
323817838739599361,323817385788313600,0
323475558367383552,323271807501230080,0
323602171822219264,323411297452556288,0
324383948178333696,324383667164172288,0
324285138731155456,324284899676794880,0
323643896787767296,323642542015000578,0
324404600914460673,324322367386046464,0
323461109027852289,323444138848686081,0
322861864587509760,322861340299522048,0
289137097737134080,289127375306899456,0
322971252031639553,322964838940811264,0
323981143978422272,323961539797340160,0
290084930740961280,290084712645554177,0
293035288035475457,293035086713085952,0
323629107667681280,323628856001064960,0
289543920042520576,289543072801488897,0
324007752634621953,324007270302244865,0
323773563683340288,323736486044372992,0
323955932021288960,323955017675579392,0
289481198424715264,289477704569470976,0
291627423760531456,291621627232411649,0
324246970573148161,324246668579065857,0
289415704350973953,289413519147954177,0
290563920232595456,290562167042895872,0
323907215192903680,323907089338621952,0
323654302847614977,323653111665291264,0
323844283859861504,323844027973771264,0
323638087668359169,323637395604008960,0
289654070870945792,289653110375346177,0
293293967573929984,293284039643779072,0
323240211800788992,323239779770707968,0
324261814206623746,324221016236761088,0
319230713016754177,319230578786463744,0
289428526338277377,289428069175926784,0
323136578929188864,323136151101775872,0
323515282649927680,323513932092411906,0
323218242023858176,323217768067522560,0
322777018032873472,322776179172048896,0
323624036745768960,323620610007764993,0
323580990616379392,323433518891945985,0
324200451543277568,324200057282895872,0
322932597359509504,322931162874015744,0
322948988674396160,322948825100722177,0
324307624432631808,324307431465312256,0
290574078870450177,290573764280872961,0
324002874654859264,324002673361842176,0
323262491939459072,323262265447030785,0
323187405500862464,323172368937807872,0
290826865369833473,290823606391435264,0
323893021638811648,323891171959123969,0
323791330771861505,323791100076777473,0
319361495609798656,319349378278113280,0
323436702356078592,323436425536208897,0
323070141174804481,323056711013376000,0
323211543716171777,323186239475957760,0
323760305505198080,323751820407214080,0
292779083178332160,292778898637352960,0
323906200158740481,323905759765217283,0
323619808891523072,323619452384051200,0
323542478512861184,323540201018372097,0
323596450804162561,323596169785778177,0
293035120267522049,293022726099197953,0
323146322280587264,323111832535576577,0
289272926077865985,289271877476687872,0
323553568244240384,323550263128506368,0
322896144642486272,322888162886180864,0
323620471578980352,323619787932590083,0
323257307758727168,323256930283954176,0
323160037654675456,323159710511538176,0
322811394535874560,322808886337871872,0
323365009134587904,323364300276236288,0
316710024388939777,316681960292491266,0
323036423131394048,323004760334667776,0
323966199685840896,323965440516841472,0
324268986474840065,324268785173422080,0
323396390879363072,323396088910446592,0
291105073558323201,291103869801492480,0
324333679440707584,324330844061839360,0
322792444695572482,322785029161881600,0
323548350538457089,323547545236287488,0
289177480496050176,289176645816950785,0
322830663189401603,322830130479263744,0
322909109252919297,322908979200147457,0
323462430233608193,323461989827493888,0
323934557835505664,323933568004915202,0
323903977186009089,323878215754084352,0
317239706276483072,317239572041981953,0
322781178782445568,322780407038885888,0
323863594431307776,323858896815017984,0
323574409732440064,323573466039214080,0
289415297537028096,289414735487713280,0
319239546246160385,319238334062931970,0
323811836719951872,323792182190428161,0
291055320699129857,291054205014249472,0
323161941893869568,323160876553228289,0
324318525399396352,324178787988287488,0
324116540305842176,324116326400528385,0
316818891735199745,316818275176701952,0
319245162402430976,319224824234926080,0
323816874087419904,323815661925175296,0
324037259563266048,324036961784446977,0
323597012849262593,323596475969982465,0
289372326867386369,289369252463525888,0
323850785018507264,323847505089527809,0
323512656990441472,323512547959504897,0
317422250770984962,317421994901635073,0
322767652139462656,322767434027245568,0
323076642325020673,323076487156752386,0
322802401952284672,322801575661797376,0
323165322481917952,323164332630360064,0
290716223807844352,290614570672865280,0
324271289143529472,324271054283481088,0
288943266332827648,288934194086821888,0
323265075630718976,323264777822556160,0
322896857674162176,322895150617595905,0
323643225669783554,323641342460829696,0
323931286295158784,323927461085708288,0
323929952489721858,323928656479154176,0
297434429297680384,297433959523033088,0
289880928183017472,289875525911052288,0
323498018877886464,323497737867890688,0
324004258775171072,324003755458695170,0
324229711041531905,324229417440264194,0
289981419516735488,289981125898665984,0
323064667591307264,323053582029033472,0
323552486126391296,323551823409577984,0
323603769881423873,323603350438416385,0
292457908543836160,292457472365576193,0
324410510676197376,324410095473680384,0
324244655342493697,324243053105774592,0
324045052601044992,324035674124713985,0
319480546755497985,319474393694748672,0
324279929413959680,324268684514316288,0
322886946529611776,322876544655716354,0
323891432022765568,323890442154434560,0
289497711407947777,289497380053733378,0
323204241462280193,323203750724505601,0
324132738733047809,324112723505995779,0
323118706983047168,323117473878642690,0
324248182756343808,324247968809091072,0
324174383952302081,324173859689467904,0
322874669801799682,322874162316206080,0
324000760734040064,324000588775960576,0
323117108953243649,323116299486117888,0
323917805785346050,323914240631111680,0
323472941138456576,323472605577367552,0
324229723620274177,324229484523950080,0
323118430175760384,323114315576123393,0
323159395951325185,323158557065355265,0
323166928917106688,323166496920588288,0
323522123547172865,323521796408225792,0
324333528454148098,324310212293054464,0
324413815800336384,324409185280331776,0
324333943656689664,324333578777415680,0
324357758927396866,324357435965964288,0
292887854093307904,292887233311154179,0
324181266826162176,324161629065474048,0
323507548349161473,323507338625548290,0
323050918675374080,323035991113879552,0
323139988910911489,323139498177347585,0
323121991148269568,323121877881090052,0
322949340987539456,322948913168527361,0
323529354548224000,323061584761077762,0
323210054755033088,323203385790705665,0
324378340368711680,324377744777572352,0
323618886127857664,323618714178162688,0
323507556729356288,323507468632203264,0
323632307904860161,323631699730780161,0
323236273361920000,323235589677793280,0
324411303424843776,324252335096360960,0
323576188125736960,323575466722209792,0
324001511522836480,323968347169513473,0
323007033676804097,323005444027191296,0
323986210693472256,323985917083783168,0
323493958779031553,323493228999499778,0
324348409827962882,324338943262879744,0
324291845427453952,324291597980291072,0
322907578323587072,322907444122632192,0
322796219543977984,322795762377449472,0
323779855151927296,323779708355477505,0
323099622912446464,323099442548994049,0
291118239457615872,291118054904049665,0
318195026117152768,318072653091053568,0
323743981269819392,323645025042956291,0
323132128755843072,323082455651323905,0
323106266685771777,322920966554542080,0
289473241825828866,289470087700828160,0
323809336897970176,323808913260683267,0
323206615425744897,323162621379489792,0
317789336252850176,317788203815931904,0
323457514471563265,323443664879751169,0
289199626408570880,289199395738640384,0
323524476543307777,323507028259647488,0
322820324225863681,322819984462057472,0
323915675108270080,323912072171773953,0
323084447920553984,323084284346908672,0
324203903484846080,324200011162337280,0
324176061686489089,324175822615375873,0
323553807340548096,323552515478142976,0
323911602422300675,323911438844444673,0
323138579616374784,323138143396179968,0
323205533286928387,323205239698247680,0
323679481241952256,323678856290648065,0
323177649574912000,323177288831221760,0
323921895261089792,323920221721223169,0
323547197092294658,323544663728480256,0
323906246296104961,323905227071840256,0
323104328925720576,323103276138639361,0
323073223971442688,323062679507963904,0
323180560405127168,323180338123780097,0
323599235830407169,323598992569155584,0
323766475297001474,323636086981148675,0
316820800181252096,316820296856387584,0
323567979885371393,323564658000801792,0
323641678005153794,323640394531360769,0
323228476129808384,323228153189380096,0
323607918039683074,323607527956811777,0
323565316485562368,323565052269580289,0
323082417869053953,323081499350007808,0
318709948232126464,318708379579211777,0
323496299234226176,323336928269324288,0
323137111626756096,323135240950407170,0
323905621348990977,323904891540078592,0
322806231339261952,322804633313624064,0
322819489563570177,322818474546196480,0
289561200595988480,289559438971523072,0
323383023640911872,323380611924492288,0
323980095427600384,323979441099382784,0
317383306675093506,317352205898375168,0
323346235413110784,323345413342109696,0
292961732555571200,292639190582169600,0
324372313166462976,324372090851573761,0
322882827718909952,322882504770068482,0
319636163826696194,319635522081411072,0
323786163389345793,323785769112178689,0
324326012248784896,324324959465914369,0
317045031838031872,317044721476317184,0
319043806462885888,319040492950155264,0
323935807767465985,323935673549729792,0
323629690684309504,323628725969244161,0
324267635900571649,324264821535154177,0
296101395566837762,296101101999104000,0
322820387132018688,322819904778682368,0
323942371828043776,323941633626370049,0
323178027028725760,323177385304395777,0
324178938970644480,324178687312416768,0
323258402509836289,323254342402576384,0
289777412735127553,289774954910715904,0
323911736635826176,323909895357362178,0
323088487056277505,323087757226426368,0
322815676932845568,322814187933929472,0
293186467554013185,293185712583499777,0
323178899443945472,323178115104899072,0
323222423765909504,323221115109527553,0
322927216038121472,322925278269693955,0
319116699276296192,319116367905300480,0
323592503985049600,323592235545395202,0
323554843312676865,323553069105311745,0
323791162974556160,323778374545858560,0
323187728479047680,323186797347741696,0
289222888022736897,289221269025599488,0
323548447007465472,323547964649897986,0
323726876889718784,323725706683088897,0
323969571914661889,323969102140022785,0
323801820726165505,323799123755139072,0
319248152928612352,319248069046718464,0
323659252117934080,323659096949653504,0
323783198012231682,323779079197315072,0
323550741295931393,323550573498609664,0
323231835767332865,323231265337790465,0
289039756334075904,289028603646193664,0
323292158247448576,323292032422514688,0
323860876522315777,323860561945309184,0
324145799774756864,324131128103534593,0
322812828987830273,322812686377304066,0
323517115544006656,323515869823115264,0
323552146383597568,323499675632156672,0
323188986766061568,323133479334326273,0
293369267917844480,293368823304818688,0
323533464966148096,323294456726056960,0
323793851515035648,323789728543543300,0
323270406591086593,323164194218336257,0
319272039485681664,319258068275822594,0
319515514667933697,319504898880319488,0
323251246997856256,323250894667907072,0
324021619016228864,324021354758303746,0
323480566395703296,323478255338409986,0
323967671869788160,323963318203211780,0
324126841503883266,324102703317913600,0
323618219267092481,323617808204316673,0
324235192984289281,324230608614223872,0
324194994783141888,324016615232524288,0
322890394264272897,322890184523919360,0
323984201617666048,323984046428401665,0
323273111925571584,323272843464945665,0
323163984503136256,323160226419331073,0
323645675151695872,323645574509375489,0
324406802915680256,324403271336853507,0
323877196542402560,323875292315807744,0
289836913165225985,289836535652679681,0
289016662479470593,289007254659792896,0
290071018234585090,290068514230923264,0
324275865145995264,324275407983620097,0
323900395229437953,323896058319093760,0
323237170909425665,323231265346170880,0
323883924222783488,323882540098285568,0
323538879791628290,323538426815209472,0
323940924814139392,323938097832271872,0
323200311391047680,323200034571186176,0
323415005229903872,323414896169590785,0
324008109146247169,324007861707481088,0
323859332997472256,323858980696895489,0
322924988883685376,322924821119897600,0
323774738088480768,323772074688659456,0
322776455979339776,322773750682644480,0
323854006231367681,323846150304178176,0
322982098535333888,322980987011207169,0
323805742379458561,323804173697163264,0
289484474184527872,289482624496439298,0
290701837366071296,290700952367947776,0
